-- MySQL dump 10.13  Distrib 8.0.16, for Win64 (x86_64)
--
-- Host: localhost    Database: sua_xe
-- ------------------------------------------------------
-- Server version	8.0.16

/*!40101 SET @OLD_CHARACTER_SET_CLIENT=@@CHARACTER_SET_CLIENT */;
/*!40101 SET @OLD_CHARACTER_SET_RESULTS=@@CHARACTER_SET_RESULTS */;
/*!40101 SET @OLD_COLLATION_CONNECTION=@@COLLATION_CONNECTION */;
 SET NAMES utf8 ;
/*!40103 SET @OLD_TIME_ZONE=@@TIME_ZONE */;
/*!40103 SET TIME_ZONE='+00:00' */;
/*!40014 SET @OLD_UNIQUE_CHECKS=@@UNIQUE_CHECKS, UNIQUE_CHECKS=0 */;
/*!40014 SET @OLD_FOREIGN_KEY_CHECKS=@@FOREIGN_KEY_CHECKS, FOREIGN_KEY_CHECKS=0 */;
/*!40101 SET @OLD_SQL_MODE=@@SQL_MODE, SQL_MODE='NO_AUTO_VALUE_ON_ZERO' */;
/*!40111 SET @OLD_SQL_NOTES=@@SQL_NOTES, SQL_NOTES=0 */;

--
-- Table structure for table `tbl_areas`
--

DROP TABLE IF EXISTS `tbl_areas`;
/*!40101 SET @saved_cs_client     = @@character_set_client */;
 SET character_set_client = utf8mb4 ;
CREATE TABLE `tbl_areas` (
  `id` int(11) NOT NULL AUTO_INCREMENT,
  `code` varchar(45) DEFAULT NULL,
  `name` varchar(45) DEFAULT NULL,
  `store_id` int(11) DEFAULT NULL,
  `created_at` bigint(20) DEFAULT NULL,
  `updated_at` bigint(20) DEFAULT NULL,
  `created_by` int(11) DEFAULT NULL,
  `updated_by` int(11) DEFAULT NULL,
  `deleted_at` bigint(20) DEFAULT NULL,
  `deleted_by` int(11) DEFAULT NULL,
  `status` int(11) DEFAULT NULL,
  PRIMARY KEY (`id`),
  KEY `fk_area_id_idx` (`store_id`),
  CONSTRAINT `fk_area_id` FOREIGN KEY (`store_id`) REFERENCES `tbl_stores` (`id`)
) ENGINE=InnoDB AUTO_INCREMENT=4 DEFAULT CHARSET=utf8mb4 COLLATE=utf8mb4_0900_ai_ci;
/*!40101 SET character_set_client = @saved_cs_client */;

--
-- Dumping data for table `tbl_areas`
--

LOCK TABLES `tbl_areas` WRITE;
/*!40000 ALTER TABLE `tbl_areas` DISABLE KEYS */;
INSERT INTO `tbl_areas` VALUES (1,'KV98764','khu vực 1 ',1,1671546491218,1671547425378,NULL,NULL,NULL,NULL,1),(2,'KV77928','khu vực 2',1,1672674277290,NULL,NULL,NULL,NULL,NULL,1),(3,'KV68009','khu vực 3',1,1673231658233,NULL,NULL,NULL,NULL,NULL,2);
/*!40000 ALTER TABLE `tbl_areas` ENABLE KEYS */;
UNLOCK TABLES;

--
-- Table structure for table `tbl_customers`
--

DROP TABLE IF EXISTS `tbl_customers`;
/*!40101 SET @saved_cs_client     = @@character_set_client */;
 SET character_set_client = utf8mb4 ;
CREATE TABLE `tbl_customers` (
  `id` int(11) NOT NULL AUTO_INCREMENT,
  `code` varchar(50) CHARACTER SET utf8mb4 COLLATE utf8mb4_bin DEFAULT NULL,
  `name` varchar(50) CHARACTER SET utf8mb4 COLLATE utf8mb4_bin DEFAULT NULL,
  `phone` varchar(15) CHARACTER SET utf8mb4 COLLATE utf8mb4_bin DEFAULT NULL,
  `created_by` int(11) DEFAULT NULL,
  `updated_by` int(11) DEFAULT NULL,
  `created_at` bigint(20) DEFAULT NULL,
  `updated_at` bigint(20) DEFAULT NULL,
  `deleted_at` bigint(20) DEFAULT NULL,
  `deleted_by` int(11) DEFAULT NULL,
  `store_id` int(11) DEFAULT NULL,
  PRIMARY KEY (`id`),
  KEY `fk_store_id_idx` (`store_id`)
) ENGINE=InnoDB AUTO_INCREMENT=37 DEFAULT CHARSET=utf8mb4 COLLATE=utf8mb4_bin;
/*!40101 SET character_set_client = @saved_cs_client */;

--
-- Dumping data for table `tbl_customers`
--

LOCK TABLES `tbl_customers` WRITE;
/*!40000 ALTER TABLE `tbl_customers` DISABLE KEYS */;
INSERT INTO `tbl_customers` VALUES (1,'KH00001','Hoàng','0921786371',NULL,NULL,1631114912926,NULL,NULL,NULL,NULL),(2,'KH00002','Hoàng','0982763938',NULL,NULL,1631114912926,1632888614022,NULL,NULL,NULL),(3,'KH00003','Long','0863716391',NULL,NULL,1631114912926,NULL,NULL,NULL,NULL),(4,'KH00004','Toàn','0863714567',NULL,NULL,1631114912926,NULL,NULL,NULL,NULL),(5,'KH00005','Tuấn','0974626743',NULL,NULL,1631114912926,NULL,NULL,NULL,NULL),(6,'KH00006','Kiên','0937361234',NULL,NULL,1631114912926,NULL,NULL,NULL,NULL),(7,'KH00007','Khánh','0937323211',NULL,NULL,1631114912926,NULL,NULL,NULL,NULL),(8,'KH00008','Nam','0937323232',NULL,NULL,1631114912926,NULL,NULL,NULL,NULL),(9,'KH00009','Định','0937399999',NULL,NULL,1631114912926,NULL,NULL,NULL,NULL),(10,'KH00010','Chính','0912732311',NULL,NULL,1631114912926,NULL,NULL,NULL,NULL),(11,'KH00011','Thủy','0923712231',NULL,NULL,1631811695885,NULL,NULL,NULL,NULL),(12,'KH00013','Tâm','0972612512',NULL,NULL,1631114912926,NULL,NULL,NULL,NULL),(15,'KH00014','Tuấn','0917264527',NULL,NULL,1632935514393,NULL,NULL,NULL,NULL),(16,'KH00015','Đạo','0927648917',NULL,NULL,1632936569021,NULL,NULL,NULL,NULL),(17,'KH00016','Thành','0972638176',NULL,NULL,1632936648154,NULL,NULL,NULL,NULL),(18,'KH00017','Lâm','0976281275',NULL,NULL,1632936872665,NULL,NULL,NULL,NULL),(19,'KH00018','Tài','0873645817',NULL,NULL,1632936962625,NULL,NULL,NULL,NULL),(29,'KH00019','Dương','0917264817',NULL,NULL,1632972208450,NULL,NULL,NULL,NULL),(31,'KH00020','Đạt','0827616518',NULL,NULL,1632972416797,NULL,NULL,NULL,NULL),(32,'KH88072','Linh','0821237649',NULL,NULL,1633175221217,NULL,NULL,NULL,NULL),(33,'KH49302','Bình','0821376518',NULL,NULL,1633176074016,NULL,NULL,NULL,NULL),(34,'HD31436','Khánh','0981652736',NULL,NULL,1633254290210,NULL,NULL,NULL,NULL),(35,'KH42360','tung','0368598666',NULL,NULL,1671593218391,1671607604311,NULL,NULL,NULL),(36,'KH39498','nguyễn văn A','0368598664',NULL,NULL,1678688911136,NULL,NULL,NULL,NULL);
/*!40000 ALTER TABLE `tbl_customers` ENABLE KEYS */;
UNLOCK TABLES;

--
-- Table structure for table `tbl_invoices`
--

DROP TABLE IF EXISTS `tbl_invoices`;
/*!40101 SET @saved_cs_client     = @@character_set_client */;
 SET character_set_client = utf8mb4 ;
CREATE TABLE `tbl_invoices` (
  `id` int(11) NOT NULL AUTO_INCREMENT,
  `code` varchar(50) CHARACTER SET utf8mb4 COLLATE utf8mb4_bin DEFAULT NULL,
  `vehicle_customer_id` int(11) DEFAULT NULL,
  `fixer_id` int(11) DEFAULT NULL,
  `pay_method` int(11) DEFAULT NULL,
  `deleted_by` int(11) DEFAULT NULL,
  `total` decimal(13,2) DEFAULT NULL,
  `created_by` int(11) DEFAULT NULL,
  `created_at` bigint(20) DEFAULT NULL,
  `updated_by` int(11) DEFAULT NULL,
  `updated_at` bigint(20) DEFAULT NULL,
  `status` int(11) DEFAULT NULL,
  `deleted_at` bigint(20) DEFAULT NULL,
  `note` varchar(500) CHARACTER SET utf8mb4 COLLATE utf8mb4_bin DEFAULT NULL,
  `area_id` int(11) DEFAULT NULL,
  `store_id` int(11) DEFAULT NULL,
  `end_at` bigint(20) DEFAULT NULL,
  `confirm` int(11) DEFAULT NULL,
  PRIMARY KEY (`id`),
  KEY `fk_area_id_idx` (`area_id`),
  CONSTRAINT `fk1_invocie_id` FOREIGN KEY (`area_id`) REFERENCES `tbl_areas` (`id`)
) ENGINE=InnoDB AUTO_INCREMENT=107 DEFAULT CHARSET=utf8mb4 COLLATE=utf8mb4_bin;
/*!40101 SET character_set_client = @saved_cs_client */;

--
-- Dumping data for table `tbl_invoices`
--

LOCK TABLES `tbl_invoices` WRITE;
/*!40000 ALTER TABLE `tbl_invoices` DISABLE KEYS */;
INSERT INTO `tbl_invoices` VALUES (1,'HD00001',1,5,2,NULL,150000.00,NULL,1631114912926,NULL,1670584313224,5,NULL,'Thanh toán hóa đơn',1,1,1676259796027,2),(2,'HD00002',2,5,1,NULL,240000.00,NULL,1631114912926,NULL,1633059043883,5,NULL,'Thanh toán hóa đơn bằng tiền mặt',1,1,1676259796027,2),(3,'HD00003',4,9,1,NULL,70000.00,NULL,1631114912926,NULL,1633059046199,5,NULL,'Thanh toán hóa đơn',1,1,1676259796027,2),(4,'HD00004',11,7,1,NULL,90000.00,NULL,1631114912926,NULL,1633096632145,5,NULL,'Thanh toán hóa đơn',1,1,1676259796027,2),(5,'HD00005',10,6,1,NULL,200000.00,NULL,1631114912926,NULL,1676301525657,5,NULL,'Thanh toán hóa đơn',1,1,1676259796027,2),(6,'HD00006',2,7,1,NULL,170000.00,NULL,1631114912926,NULL,1633074345788,5,NULL,'Thanh toán hóa đơn',1,1,1676259796027,2),(7,'HD00007',3,8,1,NULL,600000.00,NULL,1631114912926,NULL,1632847704117,5,NULL,'Thanh toán hóa đơn',1,1,1676259796027,2),(8,'HD00008',5,9,1,NULL,260000.00,NULL,1631114912926,NULL,1633062155344,4,NULL,'Thanh toán hóa đơn',1,1,1676259796027,2),(9,'HD00009',6,5,1,NULL,70000.00,NULL,1631114912926,NULL,1633062126140,5,NULL,'Thanh toán hóa đơn',1,1,1676259796027,2),(10,'HD00010',7,7,1,NULL,650000.00,NULL,1631114912926,NULL,1632847709219,4,NULL,'Thanh toán hóa đơn',1,1,1676259796027,2),(38,'HD11751',1,8,0,NULL,10000.00,NULL,1670584124525,NULL,NULL,4,NULL,'',1,1,1676259796027,2),(39,'HD11010',1,8,0,NULL,200000.00,NULL,1670584275526,NULL,1676259796027,2,NULL,'',1,1,1676259796027,2),(51,'HD67186',1,7,1,NULL,100000.00,NULL,1673230887362,NULL,NULL,4,NULL,'',1,1,1676302539175,2),(54,'HD56101',12,5,1,NULL,100000.00,NULL,1673280545719,NULL,1676302417787,5,NULL,'',3,1,1676302539175,2),(58,'HD54146',1,9,1,NULL,100000.00,NULL,1676302505813,NULL,1676302539175,5,NULL,'',1,1,1676302539175,2),(59,'HD81007',1,6,1,NULL,50000.00,NULL,1676302755606,NULL,1676302927377,5,NULL,'',2,1,1676302539175,2),(60,'HD27116',2,6,1,NULL,20000.00,NULL,1676303119940,NULL,1676303136935,5,NULL,'',1,1,1676302539175,2),(61,'HD64715',2,9,1,NULL,20000.00,NULL,1676303192640,NULL,1676303198656,5,NULL,'',2,1,1676693674838,2),(62,'HD96837',1,6,1,NULL,20000.00,NULL,1676303368260,NULL,1676303401265,5,NULL,'',2,1,1676693674838,2),(63,'HD77088',1,6,1,NULL,220000.00,NULL,1676345514862,NULL,1676345528703,5,NULL,'',1,1,1676693674838,2),(65,'HD23286',1,9,1,NULL,200000.00,NULL,1676693387945,NULL,1676693399689,5,NULL,'',1,1,1676693674838,2),(66,'HD40760',1,6,1,NULL,20000.00,NULL,1676693619096,NULL,1676693621203,5,NULL,'',1,1,1676693674838,2),(67,'HD95823',1,6,1,NULL,200000.00,NULL,1676693671607,NULL,1676693674838,5,NULL,'',1,1,1677690000010,2),(68,'HD52806',2,9,1,NULL,100000.00,NULL,1677550892372,NULL,NULL,4,NULL,'',2,1,1676693674838,2),(69,'HD16445',1,9,1,NULL,1000000.00,NULL,1677554603530,NULL,NULL,4,NULL,'',1,1,1676693674838,2),(70,'HD25002',1,9,1,NULL,400000.00,NULL,1677555585538,NULL,1677556981801,5,NULL,'',1,1,1676693674838,2),(71,'HD40955',1,6,1,NULL,70000.00,NULL,1677556595810,NULL,1678179581220,5,NULL,'',1,1,1676693674838,2),(72,'HD42065',1,7,1,NULL,120000.00,NULL,1678035600000,NULL,1678327842439,5,NULL,'',2,1,1678327842439,2),(73,'HD17391',12,9,1,NULL,330000.00,NULL,1678035600000,NULL,1678179578123,5,NULL,'',3,1,1676693674838,2),(75,'HD87345',1,8,1,NULL,120000.00,NULL,1678179707784,NULL,1678179710046,5,NULL,'',1,1,1678179707784,2),(76,'HD78839',1,6,1,NULL,270000.00,NULL,1678180651575,NULL,1678180653593,5,NULL,'',1,1,1678180653593,2),(77,'HD57855',12,7,1,NULL,360000.00,NULL,1678328045441,NULL,1678328048176,5,NULL,'',1,1,1678328048176,2),(78,'HD97073',1,6,1,NULL,100000.00,NULL,1678328413588,NULL,1678328416355,5,NULL,'',2,1,1678328416355,2),(79,'HD81359',12,7,1,NULL,100000.00,NULL,1678329132788,NULL,1678329134845,5,NULL,'',2,1,1678329134,2),(80,'HD51164',3,7,1,NULL,100000.00,NULL,1678329232888,NULL,1678329237620,5,NULL,'',2,1,1678329237620,2),(81,'HD11908',2,7,1,NULL,400000.00,NULL,1678329549221,NULL,1678329552720,5,NULL,'',2,1,1678329552720,2),(82,'HD87242',2,6,1,NULL,20000.00,NULL,1678357383462,NULL,1678688979917,5,NULL,'',1,1,1678688979917,2),(83,'HD16590',14,6,1,NULL,20000.00,NULL,1678357592701,NULL,1678804697647,5,NULL,'',1,1,1678804697647,4),(85,'HD36388',1,6,1,NULL,20000.00,NULL,1678689032094,NULL,1678689047591,5,NULL,'',1,1,1678689047591,2),(86,'HD79552',1,0,1,NULL,NULL,NULL,1678717781084,NULL,NULL,2,NULL,'',NULL,1,NULL,1),(87,'HD38668',1,4,1,NULL,NULL,NULL,1678722386968,NULL,NULL,2,NULL,'',NULL,1,NULL,1),(88,'HD63503',1,4,1,NULL,100000.00,NULL,1678722519481,NULL,1678776933747,5,NULL,'',2,1,1678776933748,4),(89,'HD76979',12,NULL,1,NULL,0.00,NULL,1678758177142,NULL,1678758342838,7,NULL,'',NULL,1,NULL,1),(90,'HD44560',14,NULL,1,NULL,0.00,NULL,1678758953740,NULL,1678760429689,7,NULL,'',NULL,1,NULL,1),(91,'HD43585',12,4,1,NULL,100000.00,NULL,1678777063985,NULL,1678777650110,2,NULL,'',NULL,1,NULL,1),(92,'HD84253',12,4,1,NULL,0.00,NULL,1678777830686,NULL,1678777889972,2,NULL,'',NULL,1,NULL,1),(93,'HD96114',12,4,1,NULL,40000.00,NULL,1678778097860,NULL,1678781420987,6,1678781601398,'',2,1,NULL,2),(94,'HD29104',12,4,1,NULL,0.00,NULL,1678778317683,NULL,1678778458834,2,NULL,'',NULL,1,NULL,1),(96,'HD57522',12,4,1,NULL,120000.00,NULL,1678782749880,NULL,1678782953708,5,NULL,'',2,1,1678782953708,4),(97,'HD49017',1,4,1,NULL,100000.00,NULL,1678784160311,NULL,1678785635432,5,NULL,'',3,1,1678785635432,4),(98,'HD60779',1,4,1,NULL,50000.00,NULL,1678799606301,NULL,1678804752021,5,NULL,'',1,1,1678804752021,4),(99,'HD37553',1,4,1,NULL,0.00,NULL,1678804908728,NULL,1678804946281,6,1678805162314,'bỏ phiếu',1,1,NULL,2),(100,'HD51910',12,4,1,NULL,50000.00,NULL,1678805745159,NULL,1678805832353,5,NULL,'',1,1,1678805832353,4),(101,'HD19445',1,4,1,NULL,0.00,NULL,1678805838484,NULL,1678805855801,6,1678805871261,'tung123',2,1,NULL,2),(102,'HD46320',12,4,1,NULL,70000.00,NULL,1678806104479,NULL,1678806320079,5,NULL,'',1,1,1678806320079,4),(103,'HD83958',1,6,1,NULL,200000.00,NULL,1678806501605,NULL,1678806704125,5,NULL,'',2,1,1678806704125,4),(104,'HD32045',12,6,1,NULL,20000.00,NULL,1678806723373,NULL,1678806774206,6,1678806802662,'',2,1,NULL,2),(105,'HD39018',1,6,1,NULL,20000.00,NULL,1678847617779,NULL,1678847764488,3,NULL,'',3,1,NULL,2),(106,'HD79810',12,NULL,1,NULL,NULL,NULL,1678847624170,NULL,NULL,1,NULL,'',NULL,1,NULL,1);
/*!40000 ALTER TABLE `tbl_invoices` ENABLE KEYS */;
UNLOCK TABLES;

--
-- Table structure for table `tbl_material_order`
--

DROP TABLE IF EXISTS `tbl_material_order`;
/*!40101 SET @saved_cs_client     = @@character_set_client */;
 SET character_set_client = utf8mb4 ;
CREATE TABLE `tbl_material_order` (
  `id` int(11) NOT NULL AUTO_INCREMENT,
  `code` varchar(50) CHARACTER SET utf8mb4 COLLATE utf8mb4_bin DEFAULT NULL,
  `invoice_id` int(11) DEFAULT NULL,
  `material_id` int(11) DEFAULT NULL,
  `quantity` int(11) DEFAULT NULL,
  `created_by` int(11) DEFAULT NULL,
  `created_at` bigint(20) DEFAULT NULL,
  `updated_by` int(11) DEFAULT NULL,
  `updated_at` bigint(20) DEFAULT NULL,
  `deleted_at` bigint(20) DEFAULT NULL,
  `deleted_by` int(11) DEFAULT NULL,
  `status` int(11) DEFAULT NULL,
  `area_id` int(11) DEFAULT NULL,
  PRIMARY KEY (`id`),
  KEY `fk2_invoice_id_idx` (`invoice_id`),
  CONSTRAINT `fk2_invoice_id` FOREIGN KEY (`invoice_id`) REFERENCES `tbl_invoices` (`id`) ON DELETE CASCADE ON UPDATE CASCADE
) ENGINE=InnoDB AUTO_INCREMENT=112 DEFAULT CHARSET=utf8mb4 COLLATE=utf8mb4_bin;
/*!40101 SET character_set_client = @saved_cs_client */;

--
-- Dumping data for table `tbl_material_order`
--

LOCK TABLES `tbl_material_order` WRITE;
/*!40000 ALTER TABLE `tbl_material_order` DISABLE KEYS */;
INSERT INTO `tbl_material_order` VALUES (8,'MTO00008',1,8,1,NULL,1631866579915,NULL,NULL,NULL,NULL,1,NULL),(62,'MTO20783',38,1,1,NULL,1670584124633,NULL,NULL,NULL,NULL,1,NULL),(63,'MTO48328',38,5,1,NULL,1670584124653,NULL,NULL,NULL,NULL,1,NULL),(64,'MTO37587',39,1,1,NULL,1670584275530,NULL,NULL,NULL,NULL,1,NULL),(67,'MTO83585',51,2,1,NULL,1673230887429,NULL,NULL,NULL,NULL,1,NULL),(70,'MTO76231',54,2,1,NULL,1673280545766,NULL,NULL,NULL,NULL,1,NULL),(72,'MTO70201',58,2,1,NULL,1676302505864,NULL,NULL,NULL,NULL,1,NULL),(73,'MTO21763',59,3,1,NULL,1676302755610,NULL,NULL,NULL,NULL,1,NULL),(74,'MTO40362',60,2,1,NULL,1676303119966,NULL,NULL,NULL,NULL,1,NULL),(75,'MTO26007',61,2,1,NULL,1676303192643,NULL,NULL,NULL,NULL,1,NULL),(76,'MTO10647',62,2,1,NULL,1676303368273,NULL,NULL,NULL,NULL,1,NULL),(77,'MTO38562',63,1,1,NULL,1676345514991,NULL,NULL,NULL,NULL,1,NULL),(79,'MTO44663',65,1,1,NULL,1676693387969,NULL,NULL,NULL,NULL,1,NULL),(80,'MTO78772',66,2,1,NULL,1676693619098,NULL,NULL,NULL,NULL,1,NULL),(81,'MTO52997',67,1,1,NULL,1676693671608,NULL,NULL,NULL,NULL,1,NULL),(82,'MTO79527',68,2,1,NULL,1677550892396,NULL,NULL,NULL,NULL,1,NULL),(83,'MTO31764',69,2,1,NULL,1677554603545,NULL,NULL,NULL,NULL,1,NULL),(84,'MTO85020',70,1,1,NULL,1677555585540,NULL,NULL,NULL,NULL,1,NULL),(85,'MTO63507',71,2,1,NULL,1677556595825,NULL,NULL,NULL,NULL,1,NULL),(86,'MTO21905',72,4,1,NULL,1677983225313,NULL,NULL,NULL,NULL,1,NULL),(87,'MTO29955',73,5,14,NULL,1677983238511,NULL,1678179569271,NULL,NULL,2,NULL),(89,'MTO89765',75,4,1,NULL,1678179707794,NULL,NULL,NULL,NULL,1,NULL),(90,'MTO89872',76,4,5,NULL,1678180651592,NULL,NULL,NULL,NULL,1,NULL),(91,'MTO19257',77,5,17,NULL,1678328045455,NULL,NULL,NULL,NULL,1,NULL),(92,'MTO93358',78,8,1,NULL,1678328413601,NULL,NULL,NULL,NULL,1,NULL),(93,'MTO52774',79,8,1,NULL,1678329132803,NULL,NULL,NULL,NULL,1,NULL),(94,'MTO35656',80,6,5,NULL,1678329232902,NULL,NULL,NULL,NULL,1,NULL),(95,'MTO42641',81,5,20,NULL,1678329549243,NULL,NULL,NULL,NULL,1,NULL),(96,'MTO28974',82,5,1,NULL,1678357383471,NULL,NULL,NULL,NULL,1,NULL),(98,'MTO81463',85,6,1,NULL,1678689032096,NULL,NULL,NULL,NULL,1,NULL),(99,'MTO13759',83,5,1,NULL,1678689370273,NULL,NULL,NULL,NULL,2,NULL),(100,'MTO14090',88,4,1,NULL,1678726401395,NULL,NULL,NULL,NULL,2,NULL),(101,'MTO93183',91,4,1,NULL,1678777650132,NULL,NULL,NULL,NULL,2,NULL),(102,'MTO62497',93,5,1,NULL,1678778114297,NULL,NULL,NULL,NULL,2,NULL),(104,'MTO46040',96,4,2,NULL,1678782789300,NULL,1678782828280,NULL,NULL,2,NULL),(105,'MTO67422',97,4,1,NULL,1678784171381,NULL,NULL,NULL,NULL,2,NULL),(106,'MTO86825',98,4,1,NULL,1678804743091,NULL,NULL,NULL,NULL,2,NULL),(107,'MTO63809',100,4,1,NULL,1678805786775,NULL,NULL,NULL,NULL,2,NULL),(108,'MTO55086',102,5,1,NULL,1678806220342,NULL,NULL,NULL,NULL,2,NULL),(109,'MTO48274',103,4,4,NULL,1678806531093,NULL,1678806607049,NULL,NULL,2,NULL),(110,'MTO10052',104,5,1,NULL,1678806745776,NULL,NULL,NULL,NULL,2,NULL),(111,'MTO33786',105,5,1,NULL,1678847730965,NULL,NULL,NULL,NULL,2,NULL);
/*!40000 ALTER TABLE `tbl_material_order` ENABLE KEYS */;
UNLOCK TABLES;

--
-- Table structure for table `tbl_materials`
--

DROP TABLE IF EXISTS `tbl_materials`;
/*!40101 SET @saved_cs_client     = @@character_set_client */;
 SET character_set_client = utf8mb4 ;
CREATE TABLE `tbl_materials` (
  `id` int(11) NOT NULL AUTO_INCREMENT,
  `code` varchar(50) CHARACTER SET utf8mb4 COLLATE utf8mb4_bin DEFAULT NULL,
  `name` varchar(50) CHARACTER SET utf8mb4 COLLATE utf8mb4_bin DEFAULT NULL,
  `image` varchar(100) CHARACTER SET utf8mb4 COLLATE utf8mb4_bin DEFAULT NULL,
  `description` varchar(200) CHARACTER SET utf8mb4 COLLATE utf8mb4_bin DEFAULT NULL,
  `quantity` int(11) DEFAULT NULL,
  `supplier` varchar(50) CHARACTER SET utf8mb4 COLLATE utf8mb4_bin DEFAULT NULL,
  `output_price` decimal(13,2) DEFAULT NULL,
  `input_price` decimal(13,2) DEFAULT NULL,
  `created_by` int(11) DEFAULT NULL,
  `created_at` bigint(20) DEFAULT NULL,
  `updated_by` int(11) DEFAULT NULL,
  `updated_at` bigint(20) DEFAULT NULL,
  `status` int(11) DEFAULT NULL,
  `deleted_at` bigint(20) DEFAULT NULL,
  `deleted_by` int(11) DEFAULT NULL,
  `store_id` int(11) DEFAULT NULL,
  PRIMARY KEY (`id`)
) ENGINE=InnoDB AUTO_INCREMENT=26 DEFAULT CHARSET=utf8mb4 COLLATE=utf8mb4_bin;
/*!40101 SET character_set_client = @saved_cs_client */;

--
-- Dumping data for table `tbl_materials`
--

LOCK TABLES `tbl_materials` WRITE;
/*!40000 ALTER TABLE `tbl_materials` DISABLE KEYS */;
INSERT INTO `tbl_materials` VALUES (1,'MT00001','Yếm Dreams','/computer/dreams/materials','Yếm cho xe Honda Dreams',268,'Honda',200000.00,300000.00,NULL,NULL,NULL,NULL,3,1677568494261,NULL,1),(2,'MT00002','Gương Dreams','/computer/dreams/materials','Gương cho xe Honda Dreams',10,'Honda',20000.00,50000.00,NULL,NULL,NULL,NULL,3,1678265966321,NULL,1),(3,'MT00003','Yên xe Dreams','/computer/dreams/materials','Yên cho xe Dreams',16,'Honda',50000.00,100000.00,NULL,NULL,NULL,NULL,3,1677575099467,NULL,1),(4,'MT00004','Giảm Sóc xe Dreams','/computer/dreams/materials','Giảm sóc cho xe Dreams',249,'Honda',50000.00,100000.00,NULL,NULL,NULL,NULL,1,NULL,NULL,1),(5,'MT00005','Đèn xi nhan Dreams','/computer/dreams/materials','Đèn xi nhan xe Dreams',18,'Honda',20000.00,50000.00,NULL,NULL,NULL,NULL,1,NULL,NULL,1),(6,'MT00006','Đèn phanh xe Dreams','/computer/dreams/materials','Đèn phan cho xe dreams',39,'Honda',20000.00,50000.00,NULL,NULL,NULL,NULL,1,NULL,NULL,1),(7,'MT00007','Đèn pha xe Dreams','/computer/dreams/materials','Đèn pha xe Dreams',23,'Honda',20000.00,50000.00,NULL,NULL,NULL,NULL,1,NULL,NULL,1),(8,'MT00008','Hộp số xe Honda','/computer/honda','Hộp số xe honda',26,'Honda',100000.00,200000.00,NULL,NULL,NULL,NULL,1,NULL,NULL,1),(9,'MT00009','Chân phanh xe Honda số','/computer/honda','Chân phanh cho xe Honda số ',4,'Honda',50000.00,100000.00,NULL,NULL,NULL,NULL,1,NULL,NULL,1),(10,'MT00010','Bô 2543 ','/computer/honda','Bô cho xe số sàn',50,'Honda',100000.00,200000.00,NULL,NULL,NULL,NULL,1,NULL,NULL,1),(11,'MT00011','Giỏ xe Honda Dreams','/computer/dreams/materials','Giỏ cho xe Honda Dreams',3,'Honda',20000.00,50000.00,NULL,NULL,NULL,NULL,1,NULL,NULL,1),(12,'MT00012','Giỏ cho xe Wave','/computer/wave/materials','Giỏ cho xe Honda Wave',30,'Honda',20000.00,50000.00,NULL,NULL,NULL,NULL,1,NULL,NULL,1),(13,'MT00013','Chân Chống Honda','/computer/honda','Chân chống cho xe Honda',70,'Honda',20000.00,40000.00,NULL,NULL,NULL,NULL,1,NULL,NULL,1),(14,'MT00014','Xăm xe','/computer/honda','Xăm xe Số Honda',99,'Honda',50000.00,100000.00,NULL,NULL,NULL,NULL,1,NULL,NULL,1),(15,'MT00015','Lốp xe Honda','/computer/honda','Lốp xe Honda cho xe số',48,'Honda',50000.00,100000.00,NULL,NULL,NULL,NULL,1,NULL,NULL,1),(16,'MT00016','Đèn xe máy',NULL,'Đèn xe máy honda',0,NULL,NULL,100000.00,NULL,1632539952862,NULL,NULL,1,NULL,NULL,1),(17,'MT00017','Bugi xe máy',NULL,'Bugi xe máy yamaha',0,NULL,200000.00,100000.00,NULL,1632540215075,NULL,NULL,1,NULL,NULL,1),(21,'MT00018','Tay nắm xe máy',NULL,'Tay nắm xe máy bmw',0,NULL,90000.00,80000.00,NULL,1632540553963,NULL,NULL,1,NULL,NULL,1),(22,'MT59341','tung',NULL,'',1,'honda',10.00,21.00,NULL,1676455792852,NULL,NULL,1,NULL,NULL,1),(23,'MT57342','tung',NULL,NULL,0,NULL,20.00,200.00,NULL,1676512708239,NULL,NULL,1,NULL,NULL,1),(24,'MT54999','phụ tùng 2',NULL,'',12,'hoda',2000000.00,200000000.00,NULL,1678352229867,NULL,NULL,1,NULL,NULL,1),(25,'MT19171','mâm xe ',NULL,'',12,'honda',20000.00,300000.00,NULL,1678687797001,NULL,NULL,1,NULL,NULL,1);
/*!40000 ALTER TABLE `tbl_materials` ENABLE KEYS */;
UNLOCK TABLES;

--
-- Table structure for table `tbl_receipt_material`
--

DROP TABLE IF EXISTS `tbl_receipt_material`;
/*!40101 SET @saved_cs_client     = @@character_set_client */;
 SET character_set_client = utf8mb4 ;
CREATE TABLE `tbl_receipt_material` (
  `id` int(11) NOT NULL AUTO_INCREMENT,
  `code` varchar(45) CHARACTER SET utf8mb4 COLLATE utf8mb4_bin DEFAULT NULL,
  `receipt_id` int(11) DEFAULT NULL,
  `material_id` int(11) DEFAULT NULL,
  `quantity` int(11) DEFAULT NULL,
  `created_by` int(11) DEFAULT NULL,
  `created_at` bigint(20) DEFAULT NULL,
  `updated_by` int(11) DEFAULT NULL,
  `updated_at` bigint(20) DEFAULT NULL,
  `deleted_at` bigint(20) DEFAULT NULL,
  `deleted_by` int(11) DEFAULT NULL,
  `store_id` int(11) DEFAULT NULL,
  PRIMARY KEY (`id`),
  KEY `fk_receipt_id_idx` (`receipt_id`),
  CONSTRAINT `fk_receipt_id` FOREIGN KEY (`receipt_id`) REFERENCES `tbl_receipts` (`id`) ON DELETE CASCADE ON UPDATE CASCADE
) ENGINE=InnoDB AUTO_INCREMENT=25 DEFAULT CHARSET=utf8mb4 COLLATE=utf8mb4_bin;
/*!40101 SET character_set_client = @saved_cs_client */;

--
-- Dumping data for table `tbl_receipt_material`
--

LOCK TABLES `tbl_receipt_material` WRITE;
/*!40000 ALTER TABLE `tbl_receipt_material` DISABLE KEYS */;
INSERT INTO `tbl_receipt_material` VALUES (1,'RCM00001',1,1,100,NULL,1632543797813,NULL,NULL,NULL,NULL,NULL),(2,'RCM00002',1,4,100,NULL,1632543797829,NULL,NULL,NULL,NULL,NULL),(3,'RCM00003',2,1,100,NULL,1632544534323,NULL,NULL,NULL,NULL,NULL),(4,'RCM00004',3,13,40,NULL,1632881278811,NULL,NULL,NULL,NULL,NULL),(5,'RCM00005',3,12,30,NULL,1632881278822,NULL,NULL,NULL,NULL,NULL),(19,'RCM85915',13,1,1,NULL,1676558948693,NULL,NULL,NULL,NULL,NULL),(20,'RCM12082',14,2,10,NULL,1677569273785,NULL,NULL,NULL,NULL,NULL),(21,'RCM95436',15,5,2,NULL,1677985192663,NULL,NULL,NULL,NULL,NULL),(22,'RCM72188',16,7,1,NULL,1677985209775,NULL,NULL,NULL,NULL,NULL),(23,'RCM97522',17,4,1,NULL,1678351155909,NULL,NULL,NULL,NULL,NULL),(24,'RCM78684',18,4,1,NULL,1678687683875,NULL,NULL,NULL,NULL,NULL);
/*!40000 ALTER TABLE `tbl_receipt_material` ENABLE KEYS */;
UNLOCK TABLES;

--
-- Table structure for table `tbl_receipts`
--

DROP TABLE IF EXISTS `tbl_receipts`;
/*!40101 SET @saved_cs_client     = @@character_set_client */;
 SET character_set_client = utf8mb4 ;
CREATE TABLE `tbl_receipts` (
  `id` int(11) NOT NULL AUTO_INCREMENT,
  `code` varchar(50) CHARACTER SET utf8mb4 COLLATE utf8mb4_bin DEFAULT NULL,
  `created_by` int(11) DEFAULT NULL,
  `created_at` bigint(20) DEFAULT NULL,
  `updated_by` int(11) DEFAULT NULL,
  `updated_at` bigint(20) DEFAULT NULL,
  `deleted_at` bigint(20) DEFAULT NULL,
  `deleted_by` int(11) DEFAULT NULL,
  `status` int(11) DEFAULT NULL,
  `note` varchar(500) CHARACTER SET utf8mb4 COLLATE utf8mb4_bin DEFAULT NULL,
  `store_id` int(11) DEFAULT NULL,
  `type` int(11) DEFAULT NULL,
  PRIMARY KEY (`id`),
  KEY `fk_recipId_idx` (`store_id`),
  CONSTRAINT `fk_recipId` FOREIGN KEY (`store_id`) REFERENCES `tbl_stores` (`id`)
) ENGINE=InnoDB AUTO_INCREMENT=19 DEFAULT CHARSET=utf8mb4 COLLATE=utf8mb4_bin COMMENT='Bảng phiếu nhập kho';
/*!40101 SET character_set_client = @saved_cs_client */;

--
-- Dumping data for table `tbl_receipts`
--

LOCK TABLES `tbl_receipts` WRITE;
/*!40000 ALTER TABLE `tbl_receipts` DISABLE KEYS */;
INSERT INTO `tbl_receipts` VALUES (1,'RC00001',NULL,1632543797812,NULL,NULL,NULL,NULL,1,NULL,1,1),(2,'RC00002',NULL,1632544534323,NULL,NULL,NULL,NULL,1,NULL,1,1),(3,'RC00003',NULL,1632881278811,NULL,NULL,NULL,NULL,1,'',1,1),(13,'RC59529',NULL,1676558944644,NULL,NULL,NULL,NULL,1,'',1,2),(14,'RC89474',NULL,1677569273785,NULL,NULL,NULL,NULL,1,'',1,1),(15,'RC36794',NULL,1677985192663,NULL,NULL,NULL,NULL,1,'',1,2),(16,'RC46920',NULL,1677985209775,NULL,NULL,NULL,NULL,1,'',1,2),(17,'RC91625',NULL,1678351155909,NULL,NULL,NULL,NULL,1,'',1,2),(18,'RC37241',NULL,1678687683875,NULL,NULL,NULL,NULL,1,'',1,1);
/*!40000 ALTER TABLE `tbl_receipts` ENABLE KEYS */;
UNLOCK TABLES;

--
-- Table structure for table `tbl_roles`
--

DROP TABLE IF EXISTS `tbl_roles`;
/*!40101 SET @saved_cs_client     = @@character_set_client */;
 SET character_set_client = utf8mb4 ;
CREATE TABLE `tbl_roles` (
  `id` int(11) NOT NULL AUTO_INCREMENT,
  `code` varchar(50) CHARACTER SET utf8mb4 COLLATE utf8mb4_bin DEFAULT NULL,
  `name` varchar(50) CHARACTER SET utf8mb4 COLLATE utf8mb4_bin DEFAULT NULL,
  `description` varchar(200) CHARACTER SET utf8mb4 COLLATE utf8mb4_bin DEFAULT NULL,
  `created_by` int(11) DEFAULT NULL,
  `created_at` bigint(20) DEFAULT NULL,
  `updated_by` int(11) DEFAULT NULL,
  `updated_at` bigint(20) DEFAULT NULL,
  `status` int(11) DEFAULT NULL,
  `deleted_at` bigint(20) DEFAULT NULL,
  `deleted_by` int(11) DEFAULT NULL,
  PRIMARY KEY (`id`)
) ENGINE=InnoDB AUTO_INCREMENT=16 DEFAULT CHARSET=utf8mb4 COLLATE=utf8mb4_bin;
/*!40101 SET character_set_client = @saved_cs_client */;

--
-- Dumping data for table `tbl_roles`
--

LOCK TABLES `tbl_roles` WRITE;
/*!40000 ALTER TABLE `tbl_roles` DISABLE KEYS */;
INSERT INTO `tbl_roles` VALUES (1,'RL00001','ROLE_ADMIN','Quản trị viên',4,1630766754751,NULL,NULL,1,NULL,NULL),(2,'RL00002','ROLE_COORDINATOR','Nhân viên thu ngân',4,1630766754751,NULL,1632677321053,1,NULL,NULL),(3,'RL00003','ROLE_FIXER','Nhân viên sửa chữa',4,1630766754751,NULL,NULL,1,NULL,NULL),(4,'RL0004','ROLE_SUPER_ADMIN','admin',4,1630766754751,NULL,NULL,1,NULL,NULL);
/*!40000 ALTER TABLE `tbl_roles` ENABLE KEYS */;
UNLOCK TABLES;

--
-- Table structure for table `tbl_service_order`
--

DROP TABLE IF EXISTS `tbl_service_order`;
/*!40101 SET @saved_cs_client     = @@character_set_client */;
 SET character_set_client = utf8mb4 ;
CREATE TABLE `tbl_service_order` (
  `id` int(11) NOT NULL AUTO_INCREMENT,
  `code` varchar(50) CHARACTER SET utf8mb4 COLLATE utf8mb4_bin DEFAULT NULL,
  `invoice_id` int(11) DEFAULT NULL,
  `service_id` int(11) DEFAULT NULL,
  `created_by` int(11) DEFAULT NULL,
  `updated_by` int(11) DEFAULT NULL,
  `created_at` bigint(20) DEFAULT NULL,
  `updated_at` bigint(20) DEFAULT NULL,
  `deleted_at` bigint(20) DEFAULT NULL,
  `deleted_by` int(11) DEFAULT NULL,
  `status` int(11) DEFAULT NULL,
  `store_id` int(11) DEFAULT NULL,
  PRIMARY KEY (`id`),
  KEY `fk1_invoice_id_idx` (`invoice_id`),
  CONSTRAINT `fk1_invoice_id` FOREIGN KEY (`invoice_id`) REFERENCES `tbl_invoices` (`id`) ON DELETE CASCADE ON UPDATE CASCADE
) ENGINE=InnoDB AUTO_INCREMENT=46 DEFAULT CHARSET=utf8mb4 COLLATE=utf8mb4_bin COMMENT='bảng dịch vụ được khách order';
/*!40101 SET character_set_client = @saved_cs_client */;

--
-- Dumping data for table `tbl_service_order`
--

LOCK TABLES `tbl_service_order` WRITE;
/*!40000 ALTER TABLE `tbl_service_order` DISABLE KEYS */;
INSERT INTO `tbl_service_order` VALUES (7,'SVO00007',1,2,NULL,NULL,1631866530199,NULL,NULL,NULL,1,NULL),(8,'SVO00008',2,1,NULL,NULL,1631866659965,1631867836815,NULL,NULL,1,NULL),(12,'SVO00010',5,5,NULL,NULL,1632130503366,NULL,NULL,NULL,1,NULL),(20,'SVO00016',8,3,NULL,NULL,1633059003624,NULL,NULL,NULL,1,NULL),(25,'SVO29023',51,1,NULL,NULL,1673230887453,NULL,NULL,NULL,1,NULL),(28,'SVO52493',63,1,NULL,NULL,1676345515022,NULL,NULL,NULL,1,NULL),(29,'SVO28331',68,2,NULL,NULL,1677550892405,NULL,NULL,NULL,1,NULL),(30,'SVO30585',69,1,NULL,NULL,1677554603553,NULL,NULL,NULL,1,NULL),(31,'SVO78091',70,5,NULL,NULL,1677555585541,NULL,NULL,NULL,1,NULL),(32,'SVO76465',71,2,NULL,NULL,1677556595832,NULL,NULL,NULL,1,NULL),(33,'SVO87564',72,2,NULL,NULL,1677983225320,NULL,NULL,NULL,1,NULL),(34,'SVO80386',72,1,NULL,NULL,1677983225320,NULL,NULL,NULL,1,NULL),(35,'SVO42348',73,2,NULL,NULL,1677983238512,NULL,NULL,NULL,1,NULL),(36,'SVO45224',75,2,NULL,NULL,1678179707795,NULL,NULL,NULL,1,NULL),(37,'SVO69804',75,1,NULL,NULL,1678179707795,NULL,NULL,NULL,1,NULL),(38,'SVO81868',76,1,NULL,NULL,1678180651601,NULL,NULL,NULL,1,NULL),(39,'SVO37852',77,1,NULL,NULL,1678328045461,NULL,NULL,NULL,1,NULL),(40,'SVO21376',88,2,NULL,NULL,1678726401371,NULL,NULL,NULL,2,NULL),(41,'SVO50706',91,2,NULL,NULL,1678777650111,NULL,NULL,NULL,2,NULL),(42,'SVO22728',93,1,NULL,NULL,1678781428215,NULL,NULL,NULL,2,NULL),(43,'SVO43007',96,1,NULL,NULL,1678782789295,NULL,NULL,NULL,2,NULL),(44,'SVO43993',97,2,NULL,NULL,1678784171372,NULL,NULL,NULL,2,NULL),(45,'SVO95636',102,2,NULL,NULL,1678806220337,NULL,NULL,NULL,2,NULL);
/*!40000 ALTER TABLE `tbl_service_order` ENABLE KEYS */;
UNLOCK TABLES;

--
-- Table structure for table `tbl_services`
--

DROP TABLE IF EXISTS `tbl_services`;
/*!40101 SET @saved_cs_client     = @@character_set_client */;
 SET character_set_client = utf8mb4 ;
CREATE TABLE `tbl_services` (
  `id` int(11) NOT NULL AUTO_INCREMENT,
  `code` varchar(50) CHARACTER SET utf8mb4 COLLATE utf8mb4_bin DEFAULT NULL,
  `name` varchar(50) CHARACTER SET utf8mb4 COLLATE utf8mb4_bin DEFAULT NULL,
  `description` varchar(200) CHARACTER SET utf8mb4 COLLATE utf8mb4_bin DEFAULT NULL,
  `price` decimal(13,2) DEFAULT NULL,
  `created_by` int(11) DEFAULT NULL,
  `updated_by` int(11) DEFAULT NULL,
  `created_at` bigint(20) DEFAULT NULL,
  `updated_at` bigint(20) DEFAULT NULL,
  `status` int(11) DEFAULT NULL,
  `deleted_at` bigint(20) DEFAULT NULL,
  `deleted_by` int(11) DEFAULT NULL,
  `store_id` int(11) DEFAULT NULL,
  PRIMARY KEY (`id`)
) ENGINE=InnoDB AUTO_INCREMENT=13 DEFAULT CHARSET=utf8mb4 COLLATE=utf8mb4_bin;
/*!40101 SET character_set_client = @saved_cs_client */;

--
-- Dumping data for table `tbl_services`
--

LOCK TABLES `tbl_services` WRITE;
/*!40000 ALTER TABLE `tbl_services` DISABLE KEYS */;
INSERT INTO `tbl_services` VALUES (1,'SV00001','Rửa xe','Rửa xe máy',20000.00,4,NULL,1632888929276,1632888929276,1,NULL,NULL,NULL),(2,'SV00002','Thay Lốp','Thay lốp xe máy',50000.00,4,NULL,1632888929276,NULL,1,NULL,NULL,NULL),(3,'SV00003','Sửa phanh xe','Sửa phanh xe máy',40000.00,4,NULL,1632888929276,NULL,1,NULL,NULL,NULL),(4,'SV00004','Vá xăm xe','Vá săm xe máy',20000.00,4,NULL,1632888929276,NULL,1,NULL,NULL,NULL),(5,'SV00005','Bảo hành xe máy','Bảo hành toàn bộ xe máy',200000.00,4,NULL,1632888929276,NULL,1,NULL,NULL,NULL),(6,'SV00006','Thay Dầu','Thay dầu xe máy',40000.00,4,NULL,1632888929276,NULL,1,NULL,NULL,NULL),(7,'SV00007','Bơm xe','Bơm xe máy',20000.00,4,NULL,1632888929276,NULL,1,NULL,NULL,NULL),(8,'SV00008','Thay yếm','Thay yếm xe máy',50000.00,4,NULL,1632888929276,NULL,1,NULL,NULL,NULL),(9,'SV00009','Thay đũa xe','Thay đũa xe máy',30000.00,4,NULL,1632888929276,NULL,1,NULL,NULL,NULL),(10,'SV00010','Sửa phanh xe','Sửa phanh xe máy',40000.00,4,NULL,1632888929276,NULL,1,NULL,NULL,NULL),(11,'SV00011','Sửa Bô xe máy','Sửa bô xe',30000.00,4,NULL,1632888929276,NULL,1,NULL,NULL,NULL),(12,'SV00012','Sửa chắn bùn ','sửa chắn bùn xe',20000.00,4,NULL,1632888929276,1633055262645,2,NULL,NULL,NULL);
/*!40000 ALTER TABLE `tbl_services` ENABLE KEYS */;
UNLOCK TABLES;

--
-- Table structure for table `tbl_stores`
--

DROP TABLE IF EXISTS `tbl_stores`;
/*!40101 SET @saved_cs_client     = @@character_set_client */;
 SET character_set_client = utf8mb4 ;
CREATE TABLE `tbl_stores` (
  `id` int(11) NOT NULL AUTO_INCREMENT,
  `code` varchar(45) DEFAULT NULL,
  `name` varchar(45) DEFAULT NULL,
  `address` varchar(150) DEFAULT NULL,
  `created_at` bigint(20) DEFAULT NULL,
  `updated_at` bigint(20) DEFAULT NULL,
  `created_by` int(11) DEFAULT NULL,
  `updated_by` int(11) DEFAULT NULL,
  `deleted_at` bigint(20) DEFAULT NULL,
  `deleted_by` int(11) DEFAULT NULL,
  PRIMARY KEY (`id`)
) ENGINE=InnoDB AUTO_INCREMENT=4 DEFAULT CHARSET=utf8mb4 COLLATE=utf8mb4_0900_ai_ci;
/*!40101 SET character_set_client = @saved_cs_client */;

--
-- Dumping data for table `tbl_stores`
--

LOCK TABLES `tbl_stores` WRITE;
/*!40000 ALTER TABLE `tbl_stores` DISABLE KEYS */;
INSERT INTO `tbl_stores` VALUES (1,'CH01','khu vực 1','hà nội ',1670856925409,1671635917845,NULL,NULL,NULL,NULL),(3,'CH30822','tung12','Hải Dương',1670856925409,NULL,NULL,NULL,NULL,NULL);
/*!40000 ALTER TABLE `tbl_stores` ENABLE KEYS */;
UNLOCK TABLES;

--
-- Table structure for table `tbl_timesheets`
--

DROP TABLE IF EXISTS `tbl_timesheets`;
/*!40101 SET @saved_cs_client     = @@character_set_client */;
 SET character_set_client = utf8mb4 ;
CREATE TABLE `tbl_timesheets` (
  `id` int(11) NOT NULL AUTO_INCREMENT,
  `code` varchar(50) CHARACTER SET utf8mb4 COLLATE utf8mb4_bin DEFAULT NULL,
  `user_id` int(11) DEFAULT NULL,
  `number_shifts_work` int(11) DEFAULT NULL COMMENT 'Số ca đi làm',
  `number_shifts_late_work` int(11) DEFAULT NULL COMMENT 'Số ca đi muộn',
  `month` int(11) DEFAULT NULL,
  `created_at` bigint(20) DEFAULT NULL,
  `updated_at` bigint(20) DEFAULT NULL,
  `created_by` int(11) DEFAULT NULL,
  `updated_by` int(11) DEFAULT NULL,
  `deleted_at` bigint(20) DEFAULT NULL,
  `deleted_by` int(11) DEFAULT NULL,
  `status` int(11) DEFAULT NULL,
  PRIMARY KEY (`id`),
  KEY `fk3_user_id_idx` (`user_id`),
  CONSTRAINT `fk3_user_id` FOREIGN KEY (`user_id`) REFERENCES `tbl_users` (`id`) ON DELETE CASCADE ON UPDATE CASCADE
) ENGINE=InnoDB AUTO_INCREMENT=236 DEFAULT CHARSET=utf8mb4 COLLATE=utf8mb4_bin;
/*!40101 SET character_set_client = @saved_cs_client */;

--
-- Dumping data for table `tbl_timesheets`
--

LOCK TABLES `tbl_timesheets` WRITE;
/*!40000 ALTER TABLE `tbl_timesheets` DISABLE KEYS */;
INSERT INTO `tbl_timesheets` VALUES (1,'TS00001',1,22,2,8,1631114912926,NULL,NULL,NULL,NULL,NULL,1),(2,'TS00002',2,22,2,8,1631114912926,NULL,NULL,NULL,NULL,NULL,1),(3,'TS00003',3,21,1,8,1631114912926,NULL,NULL,NULL,NULL,NULL,1),(5,'TS00004',5,22,0,8,1631114912926,NULL,NULL,NULL,NULL,NULL,1),(6,'TS00005',6,22,0,8,1631114912926,NULL,NULL,NULL,NULL,NULL,1),(7,'TS00006',7,22,4,8,1631114912926,NULL,NULL,NULL,NULL,NULL,1),(8,'TS00007',8,24,2,8,1631114912926,NULL,NULL,NULL,NULL,NULL,1),(9,'TS00008',9,23,2,8,1631114912926,NULL,NULL,NULL,NULL,NULL,1),(44,'TS00013',1,11,2,1,1631115885364,1633323920194,NULL,NULL,NULL,NULL,1),(45,'TS00014',2,11,0,1,1631115885366,1633323920203,NULL,NULL,NULL,NULL,2),(46,'TS00015',3,11,0,1,1631115885369,1633323920209,NULL,NULL,NULL,NULL,1),(48,'TS00016',5,11,0,1,1631115885372,1633323920219,NULL,NULL,NULL,NULL,1),(49,'TS00017',6,7,0,1,1631115885375,1633323920226,NULL,NULL,NULL,NULL,1),(50,'TS00018',7,7,0,1,1631115885377,1633323920232,NULL,NULL,NULL,NULL,1),(51,'TS00019',8,7,0,1,1631115885379,1633323920239,NULL,NULL,NULL,NULL,1),(52,'TS00020',9,7,0,1,1631115885380,1633323920245,NULL,NULL,NULL,NULL,1),(59,'TS00027',1,4,0,2,1631115974825,1631183628120,NULL,NULL,NULL,NULL,1),(60,'TS00028',2,4,0,2,1631115974827,1631183628130,NULL,NULL,NULL,NULL,1),(61,'TS00029',3,4,0,2,1631115974829,1631183628136,NULL,NULL,NULL,NULL,1),(63,'TS00030',5,4,0,2,1631115974832,1631183628151,NULL,NULL,NULL,NULL,1),(64,'TS00031',6,4,0,2,1631115974835,1631183628159,NULL,NULL,NULL,NULL,1),(65,'TS00032',7,4,0,2,1631115974837,1631183628165,NULL,NULL,NULL,NULL,1),(66,'TS00033',8,4,0,2,1631115974838,1631183628173,NULL,NULL,NULL,NULL,1),(67,'TS00034',9,4,0,2,1631115974839,1631183628182,NULL,NULL,NULL,NULL,1),(74,'TS00041',1,8,0,7,1631253874677,1631253929259,NULL,NULL,NULL,NULL,1),(75,'TS00042',2,7,0,7,1631253874681,1631253920475,NULL,NULL,NULL,NULL,1),(76,'TS00043',3,8,0,7,1631253874685,1631253939611,NULL,NULL,NULL,NULL,1),(78,'TS00044',5,7,0,7,1631253874693,1631253920494,NULL,NULL,NULL,NULL,1),(79,'TS00045',6,7,0,7,1631253874696,1631253920499,NULL,NULL,NULL,NULL,1),(80,'TS00046',7,7,0,7,1631253874700,1631253920505,NULL,NULL,NULL,NULL,1),(81,'TS00047',8,7,0,7,1631253874705,1631253920512,NULL,NULL,NULL,NULL,1),(82,'TS00048',9,8,0,7,1631253874708,1631253939619,NULL,NULL,NULL,NULL,1),(227,'TS16534',1,3,1,10,1633323879804,1633323941086,NULL,NULL,NULL,NULL,1),(228,'TS75414',2,3,1,10,1633323879805,1633323941093,NULL,NULL,NULL,NULL,1),(229,'TS59112',3,3,1,10,1633323879806,1633323941099,NULL,NULL,NULL,NULL,1),(231,'TS46597',5,3,1,10,1633323879807,1633323941116,NULL,NULL,NULL,NULL,1),(232,'TS81889',6,3,1,10,1633323879807,1633323941123,NULL,NULL,NULL,NULL,1);
/*!40000 ALTER TABLE `tbl_timesheets` ENABLE KEYS */;
UNLOCK TABLES;

--
-- Table structure for table `tbl_user_role`
--

DROP TABLE IF EXISTS `tbl_user_role`;
/*!40101 SET @saved_cs_client     = @@character_set_client */;
 SET character_set_client = utf8mb4 ;
CREATE TABLE `tbl_user_role` (
  `user_id` int(11) NOT NULL,
  `role_id` int(11) NOT NULL,
  PRIMARY KEY (`user_id`,`role_id`),
  KEY `fk_role_id_idx` (`role_id`),
  CONSTRAINT `fk1_user_id` FOREIGN KEY (`user_id`) REFERENCES `tbl_users` (`id`) ON DELETE CASCADE ON UPDATE CASCADE,
  CONSTRAINT `fk2_role_id` FOREIGN KEY (`role_id`) REFERENCES `tbl_roles` (`id`) ON DELETE CASCADE ON UPDATE CASCADE
) ENGINE=InnoDB DEFAULT CHARSET=utf8mb4 COLLATE=utf8mb4_bin;
/*!40101 SET character_set_client = @saved_cs_client */;

--
-- Dumping data for table `tbl_user_role`
--

LOCK TABLES `tbl_user_role` WRITE;
/*!40000 ALTER TABLE `tbl_user_role` DISABLE KEYS */;
INSERT INTO `tbl_user_role` VALUES (4,1),(24,1),(25,1),(26,1),(1,2),(2,2),(3,2),(5,3),(6,3),(7,3),(8,3),(9,3),(27,4);
/*!40000 ALTER TABLE `tbl_user_role` ENABLE KEYS */;
UNLOCK TABLES;

--
-- Table structure for table `tbl_users`
--

DROP TABLE IF EXISTS `tbl_users`;
/*!40101 SET @saved_cs_client     = @@character_set_client */;
 SET character_set_client = utf8mb4 ;
CREATE TABLE `tbl_users` (
  `id` int(11) NOT NULL AUTO_INCREMENT,
  `code` varchar(50) CHARACTER SET utf8mb4 COLLATE utf8mb4_bin DEFAULT NULL,
  `username` varchar(50) CHARACTER SET utf8mb4 COLLATE utf8mb4_bin DEFAULT NULL,
  `password` varchar(100) CHARACTER SET utf8mb4 COLLATE utf8mb4_bin DEFAULT NULL,
  `avatar` varchar(100) CHARACTER SET utf8mb4 COLLATE utf8mb4_bin DEFAULT NULL,
  `name` varchar(100) CHARACTER SET utf8mb4 COLLATE utf8mb4_bin DEFAULT NULL,
  `address` varchar(100) CHARACTER SET utf8mb4 COLLATE utf8mb4_bin DEFAULT NULL,
  `email` varchar(50) CHARACTER SET utf8mb4 COLLATE utf8mb4_bin DEFAULT NULL,
  `date_of_birth` datetime DEFAULT NULL,
  `phone` varchar(15) CHARACTER SET utf8mb4 COLLATE utf8mb4_bin DEFAULT NULL,
  `sex` tinyint(1) DEFAULT NULL,
  `salary_day` double DEFAULT NULL COMMENT 'Lương một ngày hoặc 1 ca của nhân viên',
  `created_by` int(11) DEFAULT NULL,
  `updated_by` int(11) DEFAULT NULL,
  `created_at` bigint(20) DEFAULT NULL,
  `updated_at` bigint(20) DEFAULT NULL,
  `status` int(11) DEFAULT NULL,
  `deleted_at` bigint(20) DEFAULT NULL,
  `deleted_by` int(11) DEFAULT NULL,
  `id_card` varchar(20) CHARACTER SET utf8mb4 COLLATE utf8mb4_bin DEFAULT NULL,
  `store_id` int(11) DEFAULT NULL,
  PRIMARY KEY (`id`),
  KEY `fk_store_id_idx` (`store_id`),
  CONSTRAINT `fk_store_id` FOREIGN KEY (`store_id`) REFERENCES `tbl_stores` (`id`)
) ENGINE=InnoDB AUTO_INCREMENT=28 DEFAULT CHARSET=utf8mb4 COLLATE=utf8mb4_bin COMMENT='Bảng lưu thông tin nhân viên';
/*!40101 SET character_set_client = @saved_cs_client */;

--
-- Dumping data for table `tbl_users`
--

LOCK TABLES `tbl_users` WRITE;
/*!40000 ALTER TABLE `tbl_users` DISABLE KEYS */;
INSERT INTO `tbl_users` VALUES (1,'NV00001','nguyenvana','$2a$10$bSK/2StM6AetbSwvFYDx0urZ/RaoWXfu8nR1lqdbLcpE16FaNN8a.',NULL,'Nguyễn Văn Bình','123 - Nguyễn Chí Thanh - Ba Đình- HN','nguyenvanb@gmail.com',NULL,'0928163141',1,250000,4,NULL,1630766754751,1631612048676,2,1672318488204,NULL,NULL,1),(2,'NV00002','nguyenvanb','$2a$10$alSEIamJtDre/F2itJJqdeMAjlWaVk0oNTR2LKLa.l4snuOYiTvHe',NULL,'Nguyễn Văn Định','123 - Nguyễn Chí Thanh - Ba Đình- HN','nguyenvana123@gmail.com',NULL,'0972652313',1,200000,4,NULL,1630766754751,1630922883610,2,1672318484491,NULL,NULL,1),(3,'NV00003','nguyenthic','$2a$10$evZujVzOgS6Igwl6nLi8vuuERx7jYgk7QD6qSbQ/8AaP4k0qkI.xq',NULL,'Nguyễn Thị Cúc','123 - Nguyễn Chí Thanh - Ba ','nguyenthic@gmail.com',NULL,'0987262541',0,250000,4,NULL,1630766754751,NULL,2,1672318481628,NULL,NULL,1),(4,'NV00000','admin','$2a$10$woH.HoKhKauum3yRVGNILuxggnJ33uj75jgZUQRAsZco0JrU.IkyK',NULL,'Quản trị viên','123 - Nguyễn Chí Thanh - Ba Đình- HN','admin@gmail.com',NULL,'0982727162',1,0,4,NULL,1630766754751,NULL,4,NULL,NULL,NULL,1),(5,'NV00004','nguyenvanx','$2a$10$Du0xArtLvYyQO/q4bnh/6O07DKl0dp2dhUXo3XRJ0cKS6F43qc/em',NULL,'Nguyễn Văn Tùng','123 - Nguyễn Chí Thanh - Ba Đình- HN','nguyenvanx@gmail.com',NULL,'0971366551',1,230000,4,NULL,1630766754751,1631612073036,4,NULL,NULL,NULL,3),(6,'NV00005','daovantrung','$2a$10$Du0xArtLvYyQO/q4bnh/6O07DKl0dp2dhUXo3XRJ0cKS6F43qc/em',NULL,'Đào Văn Trung','123 - Nguyễn Chí Thanh - Ba Đình- HN','daovantrung@gmail.com',NULL,'0327651522',1,240000,4,NULL,1630766754751,NULL,3,NULL,NULL,NULL,1),(7,'NV00006','nguyenvananh','$2a$10$Du0xArtLvYyQO/q4bnh/6O07DKl0dp2dhUXo3XRJ0cKS6F43qc/em',NULL,'Nguyễn Văn Anh','123 - Nguyễn Chí Thanh - Ba Đình- HN','nguyenvananh@gmail.com',NULL,'0982761261',1,240000,4,NULL,1630766754751,NULL,4,NULL,NULL,NULL,1),(8,'NV00007','nguyenthioanh','$2a$10$Du0xArtLvYyQO/q4bnh/6O07DKl0dp2dhUXo3XRJ0cKS6F43qc/em',NULL,'Nguyễn Thị Oanh','123 - Nguyễn Chí Thanh - Ba Đình- HN','nguyenthioanh@gmail.com',NULL,'0928217212',0,250000,4,NULL,1630766754751,NULL,4,NULL,NULL,NULL,1),(9,'NV00008','daoxuanquyen','$2a$10$Du0xArtLvYyQO/q4bnh/6O07DKl0dp2dhUXo3XRJ0cKS6F43qc/em',NULL,'Đào Xuân Quyền','123 - Nguyễn Chí Thanh - Ba Đình- HN','daoxuanquyen@gmail.com',NULL,'0312319911',1,300000,4,NULL,1630766754751,NULL,4,NULL,NULL,NULL,1),(24,'NV94201','tungnb','tung12',NULL,'0369888789','','tung@gmail.com',NULL,'0368638976',0,0,NULL,NULL,1672312995081,NULL,1,NULL,NULL,NULL,1),(25,'NV33650','tungnb123','tung12',NULL,'0369888789','','nguyenkun6@gmail.com',NULL,'0368638976',0,0,NULL,NULL,1672313028137,NULL,1,NULL,NULL,NULL,1),(26,'NV23874','20176123','$2a$10$woH.HoKhKauum3yRVGNILuxggnJ33uj75jgZUQRAsZco0JrU.IkyK',NULL,'tùng nguyễn','quan nhân','tungnb2611@gmail.com',NULL,'0368638976',1,0,NULL,NULL,1678270035353,NULL,1,NULL,NULL,NULL,1),(27,'NV22182','quanly','$2a$10$Du0xArtLvYyQO/q4bnh/6O07DKl0dp2dhUXo3XRJ0cKS6F43qc/em',NULL,'tùng nguyễn ','quan nhân','tungnb2611@gmail.com',NULL,'0368638976',1,0,NULL,NULL,1678271251229,NULL,1,NULL,NULL,NULL,1);
/*!40000 ALTER TABLE `tbl_users` ENABLE KEYS */;
UNLOCK TABLES;

--
-- Table structure for table `tbl_vehicle_customer`
--

DROP TABLE IF EXISTS `tbl_vehicle_customer`;
/*!40101 SET @saved_cs_client     = @@character_set_client */;
 SET character_set_client = utf8mb4 ;
CREATE TABLE `tbl_vehicle_customer` (
  `id` int(11) NOT NULL AUTO_INCREMENT,
  `vehicle_id` int(11) DEFAULT NULL,
  `customer_id` int(11) DEFAULT NULL,
  PRIMARY KEY (`id`)
) ENGINE=InnoDB AUTO_INCREMENT=25 DEFAULT CHARSET=utf8mb4 COLLATE=utf8mb4_bin;
/*!40101 SET character_set_client = @saved_cs_client */;

--
-- Dumping data for table `tbl_vehicle_customer`
--

LOCK TABLES `tbl_vehicle_customer` WRITE;
/*!40000 ALTER TABLE `tbl_vehicle_customer` DISABLE KEYS */;
INSERT INTO `tbl_vehicle_customer` VALUES (1,1,1),(2,2,2),(3,3,3),(4,4,4),(5,5,5),(6,6,6),(7,7,7),(8,8,8),(9,9,9),(10,10,10),(11,11,11),(12,1,12),(13,1,15),(14,2,16),(15,3,17),(16,4,18),(17,5,19),(18,12,29),(19,13,31),(20,11,32),(21,10,33),(22,NULL,34),(23,15,35),(24,16,36);
/*!40000 ALTER TABLE `tbl_vehicle_customer` ENABLE KEYS */;
UNLOCK TABLES;

--
-- Table structure for table `tbl_vehicles`
--

DROP TABLE IF EXISTS `tbl_vehicles`;
/*!40101 SET @saved_cs_client     = @@character_set_client */;
 SET character_set_client = utf8mb4 ;
CREATE TABLE `tbl_vehicles` (
  `id` int(11) NOT NULL AUTO_INCREMENT,
  `code` varchar(50) CHARACTER SET utf8mb4 COLLATE utf8mb4_bin DEFAULT NULL,
  `license_plate` varchar(50) CHARACTER SET utf8mb4 COLLATE utf8mb4_bin DEFAULT NULL,
  `created_by` int(11) DEFAULT NULL,
  `updated_by` int(11) DEFAULT NULL,
  `created_at` bigint(20) DEFAULT NULL,
  `updated_at` bigint(20) DEFAULT NULL,
  `deleted_at` bigint(20) DEFAULT NULL,
  `deleted_by` int(11) DEFAULT NULL,
  PRIMARY KEY (`id`)
) ENGINE=InnoDB AUTO_INCREMENT=17 DEFAULT CHARSET=utf8mb4 COLLATE=utf8mb4_bin;
/*!40101 SET character_set_client = @saved_cs_client */;

--
-- Dumping data for table `tbl_vehicles`
--

LOCK TABLES `tbl_vehicles` WRITE;
/*!40000 ALTER TABLE `tbl_vehicles` DISABLE KEYS */;
INSERT INTO `tbl_vehicles` VALUES (1,'VH00001','30L192020',NULL,NULL,1632972208459,NULL,NULL,NULL),(2,'VH00002','29B178729',NULL,NULL,1632972208459,NULL,NULL,NULL),(3,'VH00003','17B198371',NULL,NULL,1632972208459,NULL,NULL,NULL),(4,'VH00004','30C173621',NULL,NULL,1632972208459,NULL,NULL,NULL),(5,'VH00005','29B183716',NULL,NULL,1632972208459,NULL,NULL,NULL),(6,'VH00006','29B182722',NULL,NULL,1632972208459,NULL,NULL,NULL),(7,'VH00007','29L127261',NULL,NULL,1632972208459,NULL,NULL,NULL),(8,'VH00008','30L173635',NULL,NULL,1632972208459,NULL,NULL,NULL),(9,'VH00009','15B187362',NULL,NULL,1632972208459,NULL,NULL,NULL),(10,'VH00010','17B127361',NULL,NULL,1632972208459,NULL,NULL,NULL),(11,'VH00011','30B129847',NULL,NULL,1632972208459,NULL,NULL,NULL),(12,'VH00012','30L192021',NULL,NULL,1632972208459,NULL,NULL,NULL),(13,'VH00013','18D119281',NULL,NULL,1632972416805,NULL,NULL,NULL),(15,'VH11119','Bh3699',NULL,NULL,1671593218716,1671607604379,NULL,NULL),(16,'VH26419','Bh3695',NULL,NULL,1678688911145,NULL,NULL,NULL);
/*!40000 ALTER TABLE `tbl_vehicles` ENABLE KEYS */;
UNLOCK TABLES;
/*!40103 SET TIME_ZONE=@OLD_TIME_ZONE */;

/*!40101 SET SQL_MODE=@OLD_SQL_MODE */;
/*!40014 SET FOREIGN_KEY_CHECKS=@OLD_FOREIGN_KEY_CHECKS */;
/*!40014 SET UNIQUE_CHECKS=@OLD_UNIQUE_CHECKS */;
/*!40101 SET CHARACTER_SET_CLIENT=@OLD_CHARACTER_SET_CLIENT */;
/*!40101 SET CHARACTER_SET_RESULTS=@OLD_CHARACTER_SET_RESULTS */;
/*!40101 SET COLLATION_CONNECTION=@OLD_COLLATION_CONNECTION */;
/*!40111 SET SQL_NOTES=@OLD_SQL_NOTES */;

-- Dump completed on 2023-03-20 20:45:12
